gppd_idnr,name,country,country_long,fuel,primary_fuel,capacity_mw,commissioning_year,latitude,longitude
WRI1019146,Donaustadt,AUT,Austria,gas,Gas,395.0,2001.0,48.2,16.4633
WRI1019147,Simmering,AUT,Austria,gas,Gas,1272.0,2009.0,48.1815,16.4334
WRI1019163,Timelkam,AUT,Austria,gas,Gas,400.0,2008.0,48.0122,13.5895
WRI1002206,AALTER TJ,BEL,Belgium,oil,Oil,18.6,,51.0902,3.4469
WRI1002208,ANGLEUR TG 41,BEL,Belgium,gas,Gas,128.0,,50.6177,5.5837
WRI1002204,Aalst Syral GT,BEL,Belgium,gas,Gas,43.0,,50.936,4.0355
WRI1002205,Aalst Syral ST,BEL,Belgium,gas,Gas,5.0,,50.936,4.0355
WRI1002207,Amercoeur 1 R TGV,BEL,Belgium,gas,Gas,451.0,1994.0,50.4304,4.3955
WRI1002211,BEERSE TJ,BEL,Belgium,oil,Oil,33.2,,51.3193,4.853
WRI1002217,BUDA TJ,BEL,Belgium,oil,Oil,18.6,,50.9079,4.4155
WRI1002214,Beveren Ineos Phenolchemie,BEL,Belgium,gas,Gas,22.8,,51.2119,4.2563
WRI1002219,CIERREUX TJ,BEL,Belgium,oil,Oil,18.6,,50.2444,5.9302
WRI1002224,DROGENBOS DM 51,BEL,Belgium,gas,Gas,5.0,,50.8023,4.299
WRI1002225,DROGENBOS GT0,BEL,Belgium,gas,Gas,48.0,,50.8023,4.299
WRI1002226,DROGENBOS TGV,BEL,Belgium,gas,Gas,465.0,,50.8023,4.299
WRI1002222,Deux-Acren TJ,BEL,Belgium,oil,Oil,18.6,,50.7303,3.8531
WRI1002231,HAM-GENT WKK,BEL,Belgium,gas,Gas,52.0,2006.0,51.05,3.7167
WRI1002234,HERDERSBRUG STEG,BEL,Belgium,gas,Gas,465.0,1998.0,51.2629,3.2112
WRI1002244,INESCO WKK,BEL,Belgium,gas,Gas,138.0,,51.2198,4.3266
WRI1002253,LANGERLO 1,BEL,Belgium,coal,Coal,470.0,1968.0,50.9405,5.4906
WRI1002255,LANGERLO 4 REPOWERING,BEL,Belgium,gas,Gas,86.0,,50.934,5.4784
WRI1002258,Marcinelle Energie (Carsid),BEL,Belgium,gas,Gas,405.0,2011.0,50.4138,4.4067
WRI1002259,Noordschote TJ,BEL,Belgium,oil,Oil,18.6,,50.9548,2.8103
WRI1002264,RINGVAART STEG,BEL,Belgium,gas,Gas,357.0,1998.0,51.1049,3.7257
WRI1002267,SAINT-GHISLAIN STEG,BEL,Belgium,gas,Gas,350.0,2000.0,50.4719,3.8248
WRI1002271,T-power Beringen,BEL,Belgium,gas,Gas,422.0,2011.0,51.0586,5.1056
WRI1002284,Zedelgem TJ,BEL,Belgium,oil,Oil,18.6,,51.1424,3.1368
WRI1002285,Zeebrugge 2 Fluxys,BEL,Belgium,gas,Gas,40.0,,51.329,3.1819
WRI1002286,Zeebrugge TJ,BEL,Belgium,oil,Oil,18.6,,51.329,3.1819
WRI1002288,Zelzate 2 Knippegroen,BEL,Belgium,gas,Gas,315.0,2010.0,51.1587,3.8068
WRI1002289,Zelzate TJ,BEL,Belgium,oil,Oil,18.6,,51.1896,3.8078
WRI1002290,Zwijndrecht Lanxess GT,BEL,Belgium,gas,Gas,43.0,,51.2382,4.3408
WRI1002291,Zwijndrecht Lanxess ST,BEL,Belgium,gas,Gas,15.0,,51.2382,4.3408
WRI1075858,AES Galabovo,BGR,Bulgaria,coal,Coal,670.0,2011.0,42.1573,25.9084
WRI1008057,Bobov Dol power station,BGR,Bulgaria,coal,Coal,630.0,1974.0,42.2855,23.0342
WRI1008041,Brikel power station,BGR,Bulgaria,coal,Coal,240.0,1961.0,42.1551,25.9072
WRI1008042,Deven power station,BGR,Bulgaria,coal,Coal,174.0,2009.0,43.1964,27.6327
WRI1008058,Maritsa 3 power station,BGR,Bulgaria,coal,Coal,120.0,1971.0,42.0519,25.6231
WRI1008060,Maritsa Itzok-2 power station,BGR,Bulgaria,coal,Coal,1602.0,1979.0,42.2541,26.134
WRI1008061,Maritsa Itzok-3 power station,BGR,Bulgaria,coal,Coal,908.0,1980.0,42.145,26.0025
WRI1008046,RUSE,BGR,Bulgaria,coal,Coal,180.0,,43.8662,26.0093
WRI1008045,Republika power station,BGR,Bulgaria,coal,Coal,105.0,1951.0,42.6064,23.0784
WRI1008059,TOPLO RUSE,BGR,Bulgaria,coal,Coal,110.0,,42.2569,26.136
WRI1075859,Vidin Works power station,BGR,Bulgaria,coal,Coal,120.0,1970.0,43.9484,22.8509
GEODB0044825,Jertovec CCGT Power Plant Croatia,HRV,Croatia,gas,Gas,78.0,,46.0386,16.1814
GEODB0044826,Osijek TE-TO CHP Power Plant Croatia,HRV,Croatia,gas,Gas,89.0,,45.542,18.7449
GEODB0044820,Plomin Thermal Power Plant Croatia,HRV,Croatia,coal,Coal,330.0,,45.137,14.164
GEODB0044822,Rijeka Thermal Power Plant Croatia,HRV,Croatia,oil,Oil,320.0,,45.2862,14.5207
GEODB0044821,Sisak Thermal Power Plant Croatia,HRV,Croatia,oil,Oil,420.0,,45.4538,16.4144
GEODB0044824,Zagreb El-To CHP Power Plant Croatia,HRV,Croatia,gas,Gas,86.8,,45.8069,15.9498
GEODB0044823,Zagreb Te-To CHP Power Plant Croatia,HRV,Croatia,gas,Gas,328.0,,45.7816,16.0169
GEODB0045553,Dhekelia Power Plant Cyprus,CYP,Cyprus,oil,Oil,460.0,,34.9809,33.7439
GEODB0045554,Moni Power Station Cyprus,CYP,Cyprus,oil,Oil,140.0,,34.7106,33.1825
GEODB0045552,Vasilikos Power Plant Cyprus,CYP,Cyprus,gas,Gas,868.0,,34.7286,33.29
WRI1075824,Brno power station,CZE,Czech Republic,coal,Coal,72.0,1984.0,49.2159,16.6064
WRI1019222,Chvaletice power station,CZE,Czech Republic,coal,Coal,820.0,1978.0,50.0275,15.4505
WRI1019164,Detmarovice power station,CZE,Czech Republic,coal,Coal,800.0,1976.0,49.9072,18.4646
WRI1019165,Hodonin power station,CZE,Czech Republic,coal,Coal,105.0,1957.0,48.8474,17.1197
WRI1019206,Kladno,CZE,Czech Republic,coal,Coal,404.0,2014.0,50.1532,14.129
WRI1019208,Kladno (TG6),CZE,Czech Republic,gas,Gas,110.0,1999.0,50.1535,14.127
WRI1019224,Komorany power station,CZE,Czech Republic,coal,Coal,210.0,1956.0,50.522,13.5718
WRI1019166,Ledvice power station,CZE,Czech Republic,coal,Coal,640.0,1969.0,50.5763,13.7803
WRI1075825,Malesice power station,CZE,Czech Republic,coal,Coal,165.0,1969.0,50.085,14.5253
WRI1019167,Melnik power station,CZE,Czech Republic,coal,Coal,960.0,1973.0,50.4131,14.4158
WRI1075826,Opatovice power station,CZE,Czech Republic,coal,Coal,360.0,1959.0,50.1265,15.7933
WRI1019225,Plzenska Tepalrenska,CZE,Czech Republic,coal,Coal,137.0,,49.7542,13.3988
WRI1075827,Plzenska energetika ELU III,CZE,Czech Republic,coal,Coal,65.0,1972.0,49.7395,13.3455
WRI1019168,Pocerady power station,CZE,Czech Republic,coal,Coal,1000.0,1973.0,50.4278,13.6777
WRI1019169,Porici power station,CZE,Czech Republic,coal,Coal,165.0,1957.0,50.5727,15.9634
WRI1019205,Počerady,CZE,Czech Republic,gas,Gas,840.0,2014.0,50.4267,13.6747
WRI1019170,Prunerov,CZE,Czech Republic,coal,Coal,750.0,2016.0,50.4178,13.2592
WRI1075828,Sko-Energo power station,CZE,Czech Republic,coal,Coal,70.0,1999.0,50.4125,14.9044
WRI1075829,Steti Mondi power station,CZE,Czech Republic,coal,Coal,144.0,,50.4616,14.38
WRI1019171,Tisova power station,CZE,Czech Republic,coal,Coal,296.0,1960.0,50.1496,12.6108
WRI1075830,Trebovice power station,CZE,Czech Republic,coal,Coal,177.0,1994.0,49.8319,18.2113
WRI1019172,Trmice,CZE,Czech Republic,coal,Coal,159.0,,50.645,13.9865
WRI1019173,Tusimice power station,CZE,Czech Republic,coal,Coal,800.0,1974.0,50.381,13.3399
WRI1019223,Vřesová,CZE,Czech Republic,gas,Gas,370.0,1995.0,50.2576,12.6932
WRI1019207,Zlin power station,CZE,Czech Republic,coal,Coal,64.0,2001.0,49.2257,17.654
WRI1022036,Amager power station,DNK,Denmark,coal,Coal,330.0,1982.0,55.6859,12.6277
WRI1022027,Asnaes power station,DNK,Denmark,coal,Coal,787.0,1975.0,55.6615,11.0809
WRI1022026,Avedoerevaerket (AvedÃ¸re),DNK,Denmark,coal,Coal,815.0,,55.6035,12.4812
WRI1022031,Enstedvaerket,DNK,Denmark,coal,Coal,626.0,1979.0,55.0206,9.4419
WRI1022035,Esbjerg power station,DNK,Denmark,coal,Coal,407.0,1992.0,55.4552,8.4544
WRI1022032,Fyns power station,DNK,Denmark,coal,Coal,362.0,1984.0,55.4292,10.4104
WRI1022043,H.C. Ã˜rsted,DNK,Denmark,gas,Gas,98.0,,55.6761,12.5683
WRI1022030,Kyndbyvaerket,DNK,Denmark,oil,Oil,664.0,,55.8134,11.8792
WRI1022029,Nordjylland power station,DNK,Denmark,coal,Coal,716.0,1989.0,57.0736,10.0416
WRI1022042,Randers,DNK,Denmark,coal,Coal,52.0,,56.4584,10.0475
WRI1022034,Skaerbaekvaerket,DNK,Denmark,gas,Gas,392.0,1997.0,55.513,9.6128
WRI1022037,Stigsnaesvaerket,DNK,Denmark,coal,Coal,264.0,1970.0,55.2079,11.2528
WRI1022028,Studstrupvaerket,DNK,Denmark,coal,Coal,730.0,,56.2521,10.3423
WRI1022045,SvanemÃ¸lle,DNK,Denmark,gas,Gas,81.0,1985.0,55.7131,12.588
WRI1022392,Balti Eleketrijaam,EST,Estonia,oil,Oil,472.0,,59.3533,28.1185
WRI1022393,Eesti Elektrijaam,EST,Estonia,oil,Oil,1369.0,,59.2748,27.9046
WRI1022396,IRU Elektrijaam,EST,Estonia,gas,Gas,173.0,,59.4514,24.9246
WRI1022394,Kiisa AREJ 2,EST,Estonia,gas,Gas,250.0,,59.2439,24.7064
WRI1002631,Forssa kt,FIN,Finland,oil,Oil,332.6,,60.7905,23.5866
WRI1002322,Haapavesi,FIN,Finland,gas,Gas,2.7,,64.1333,25.3667
WRI1002325,Hanasaari B,FIN,Finland,coal,Coal,212.0,,60.1841,24.9711
WRI1002330,Harjavalta,FIN,Finland,oil,Oil,6.3,,61.3167,22.1333
WRI1002343,Huutokoski kt,FIN,Finland,oil,Oil,180.0,,62.9,29.4
WRI1002348,Ikaalinen,FIN,Finland,gas,Gas,6.0,,61.7695,23.0658
WRI1002357,Joensuu,FIN,Finland,gas,Gas,68.0,,64.6667,27.1333
WRI1002386,Kellosaari,FIN,Finland,oil,Oil,118.0,,60.1695,24.9354
WRI1002391,Kerava,FIN,Finland,gas,Gas,3.7,,60.4034,25.105
WRI1002397,Kirkniemi,FIN,Finland,gas,Gas,128.0,,60.1843,23.946
WRI1002408,Koneharju kt,FIN,Finland,gas,Gas,4.6,,60.9827,25.6615
WRI1002410,Koskensaari,FIN,Finland,oil,Oil,1.2,,61.7667,28.7667
WRI1002433,Lappeenranta kombi,FIN,Finland,gas,Gas,26.3,,61.0587,28.1887
WRI1002442,Lielahti,FIN,Finland,gas,Gas,142.0,,61.4991,23.7871
WRI1002450,Martinlaakso,FIN,Finland,gas,Gas,171.7,,60.2833,24.8364
WRI1002454,Meri-Pori,FIN,Finland,coal,Coal,565.0,,61.6317,21.4068
WRI1002461,Myllykoski vp,FIN,Finland,gas,Gas,32.8,,65.9667,29.1833
WRI1002466,Naantali  G1  2 ja 3,FIN,Finland,gas,Gas,290.0,,60.459,22.0545
WRI1002467,Naistenlahti 2,FIN,Finland,gas,Gas,191.2,,61.4991,23.7871
WRI1002470,Nokia kombi,FIN,Finland,gas,Gas,72.0,,61.4667,23.5
WRI1002500,Porvoo,FIN,Finland,oil,Oil,76.0,,60.3067,25.5506
WRI1002503,Porvoo Tolkkinen,FIN,Finland,oil,Oil,40.0,,60.3923,25.6651
WRI1002502,Porvoo kt 2,FIN,Finland,gas,Gas,120.6,,60.3067,25.5506
WRI1002525,Salmisaari B,FIN,Finland,coal,Coal,163.0,,60.1656,24.9048
WRI1002540,Sopenkorpi,FIN,Finland,oil,Oil,14.5,,60.9827,25.6615
WRI1075850,Suomenoja power station,FIN,Finland,coal,Coal,170.0,1981.0,60.1483,24.7183
WRI1002554,Tako T2 ja T5,FIN,Finland,gas,Gas,16.5,,61.4991,23.7871
WRI1002569,Uusikaupunki,FIN,Finland,oil,Oil,14.2,,60.8004,21.4084
WRI1002574,Vanaja kt 1,FIN,Finland,oil,Oil,50.0,,60.996,24.4643
WRI1002578,Vaskiluoto 2,FIN,Finland,coal,Coal,230.0,,63.0914,21.5539
WRI1002580,Vaskiluoto kt,FIN,Finland,oil,Oil,26.0,,63.0453,21.7863
WRI1002593,Vuosaari A,FIN,Finland,gas,Gas,163.0,,60.2199,25.1692
WRI1002594,Vuosaari B,FIN,Finland,gas,Gas,485.0,,60.2199,25.1692
WRI1002687,ARRIGHI,FRA,France,oil,Oil,254.0,,48.7872,2.4033
WRI1002695,BLENOD 5,FRA,France,gas,Gas,427.0,,48.8681,6.0849
WRI1002697,BOUCHAIN 7,FRA,France,gas,Gas,575.0,,50.2987,3.3156
WRI1002699,BRENNILIS,FRA,France,oil,Oil,304.0,,48.3567,-3.8706
WRI1002711,COMBIGOLFE,FRA,France,gas,Gas,425.0,,43.4072,4.8676
WRI1002712,CORDEMAIS,FRA,France,oil,Oil,1370.0,,47.2754,-1.8767
WRI1002713,CORDEMAIS 4,FRA,France,coal,Coal,1160.0,,47.2756,-1.8779
WRI1002715,Croix-de-Metz,FRA,France,gas,Gas,413.0,,48.675,5.8917
WRI1002721,DIRINON,FRA,France,oil,Oil,170.0,,48.39,-4.26
WRI1002722,DK6,FRA,France,gas,Gas,796.0,,51.0482,2.3255
WRI1002724,EMILE HUCHET,FRA,France,gas,Gas,826.0,,49.1526,6.7018
WRI1002725,EMILE HUCHET,FRA,France,coal,Coal,995.0,,49.151,6.697
WRI1002731,GENNEVILLIERS 1,FRA,France,gas,Gas,203.0,,48.9333,2.3
WRI1002736,HAVRE 4,FRA,France,coal,Coal,580.0,,49.4757,0.1491
WRI1002739,LUCY 3,FRA,France,coal,Coal,245.0,,46.667,4.351
WRI1002743,MARTIGUES PONTEAU,FRA,France,gas,Gas,930.0,,43.3585,5.0216
WRI1002757,PORCHEVILLE,FRA,France,oil,Oil,2290.0,,48.9692,1.7588
WRI1002760,PROVENCE 5,FRA,France,coal,Coal,595.0,,43.4672,5.4875
WRI1002756,Pont-sur-Sambre,FRA,France,gas,Gas,412.0,,50.2308,3.8653
WRI1005572,ADS-Anlage,DEU,Germany,gas,Gas,96.5,2012.0,50.0918,8.5311
WRI1005574,Ahrensfelde,DEU,Germany,gas,Gas,150.0,1990.0,52.5895,13.5587
WRI1005737,Altbach power station,DEU,Germany,coal,Coal,769.0,1992.0,48.7176,9.3749
WRI1005578,Audorf,DEU,Germany,oil,Oil,87.0,1973.0,54.2907,9.7228
WRI1005586,BHKW,DEU,Germany,gas,Gas,13.0,2013.0,49.0475,8.2816
WRI1005588,BHKW H.120,DEU,Germany,gas,Gas,16.9,2012.0,51.2545,6.7865
WRI1005589,BHKW Ludwigshafen,DEU,Germany,gas,Gas,12.5,2008.0,49.4531,8.4336
WRI1005590,BHKW Obere Viehweide,DEU,Germany,gas,Gas,13.4,2000.0,48.5109,9.0715
WRI1005587,BHKW an Klinkerweg,DEU,Germany,gas,Gas,10.2,2000.0,51.2169,6.9473
WRI1005591,BHKW-Hauffstraße,DEU,Germany,gas,Gas,9.8,2011.0,48.4939,9.1856
WRI1005617,BP Werk Lingen,DEU,Germany,gas,Gas,66.0,1996.0,52.5606,7.2952
WRI1005584,Bergkamen power station,DEU,Germany,coal,Coal,717.0,1981.0,51.637,7.6191
WRI1005950,Berlin-Moabit power station,DEU,Germany,coal,Coal,89.0,1990.0,52.5374,13.3461
WRI1006022,Berlin-Reuter power station,DEU,Germany,coal,Coal,124.0,1969.0,52.5321,13.2461
WRI1006024,Berlin-Reuter-West power station,DEU,Germany,coal,Coal,564.0,1988.0,52.5351,13.2426
WRI1006098,Biomass Generator #20,DEU,Germany,gas,Gas,10.7,2006.0,49.8587,7.8857
WRI1005614,BoA 2,DEU,Germany,coal,Coal,2100.0,2012.0,51.0365,6.6133
WRI1005615,Bochum,DEU,Germany,gas,Gas,20.7,2004.0,51.4833,7.2167
WRI1005616,Boxberg power station,DEU,Germany,coal,Coal,2585.0,1989.0,51.4163,14.5619
WRI1005619,Braunkohlekraftwerk Lippendorf,DEU,Germany,coal,Coal,875.0,1999.0,51.1821,12.3733
WRI1005676,Bremen-Farge power station,DEU,Germany,coal,Coal,350.0,1969.0,53.2021,8.5162
WRI1005622,Brunsbüttel,DEU,Germany,oil,Oil,254.0,1973.0,53.8925,9.2011
WRI1005685,Buer power station,DEU,Germany,coal,Coal,70.0,1985.0,51.6028,7.0094
WRI1005623,Buschhaus power station,DEU,Germany,coal,Coal,352.0,1985.0,52.1724,10.9768
WRI1005624,Charlottenburg,DEU,Germany,gas,Gas,633.0,1975.0,52.5219,13.3111
WRI1075564,Chemiepark Marl power station,DEU,Germany,coal,Coal,136.0,1974.0,51.6846,7.1
WRI1005777,Chemnitz Nord power station,DEU,Germany,coal,Coal,56.8,1989.0,50.857,12.9231
WRI1005625,Co-Generation,DEU,Germany,gas,Gas,11.5,1991.0,49.6633,8.3589
WRI1006094,Coal Plant #1,DEU,Germany,coal,Coal,17.5,2005.0,51.0489,12.1104
WRI1006096,Coal Plant #2,DEU,Germany,coal,Coal,18.5,1986.0,48.5272,8.0868
WRI1005800,Cologne-Merkenich power station,DEU,Germany,coal,Coal,75.3,2010.0,51.0178,6.9643
WRI1005779,Cottbus CHP power station,DEU,Germany,coal,Coal,74.0,1999.0,51.7602,14.37
WRI1005634,DKW Leinau,DEU,Germany,oil,Oil,11.4,,47.9125,10.6117
WRI1005635,DKW Nord,DEU,Germany,oil,Oil,11.4,1988.0,48.0627,10.4866
WRI1005626,Dampfkraftwerk BGH - O1,DEU,Germany,gas,Gas,178.0,2001.0,48.1835,12.8531
WRI1005878,Dessau power station,DEU,Germany,coal,Coal,49.0,1996.0,51.8269,12.23
WRI1005631,Deuben power station,DEU,Germany,coal,Coal,86.0,1936.0,51.1119,12.0762
WRI1005636,Dormagen,DEU,Germany,gas,Gas,586.3,2000.0,51.0791,6.8287
WRI1005638,Dortmund,DEU,Germany,gas,Gas,26.0,2004.0,51.5197,7.477
WRI1005639,Dow Stade,DEU,Germany,gas,Gas,173.0,2014.0,53.6519,9.5079
WRI1005641,Duisburg Hamborn,DEU,Germany,gas,Gas,385.0,1958.0,51.491,6.7275
WRI1005642,Duisburg Ruhrort,DEU,Germany,gas,Gas,315.0,,51.4597,6.7306
WRI1005647,EEV,DEU,Germany,oil,Oil,38.0,1993.0,53.4852,9.9696
WRI1005671,EVC / GLOBALFOUNDRIES,DEU,Germany,gas,Gas,34.3,1998.0,51.127,13.715
WRI1005673,EZ1,DEU,Germany,coal,Coal,18.5,1993.0,51.0489,12.1104
WRI1005652,Egger Kraftwerk Briilon 2,DEU,Germany,gas,Gas,13.5,1996.0,51.4085,8.5999
WRI1005657,Emden Natural Gas,DEU,Germany,gas,Gas,50.0,1973.0,53.3422,7.2062
WRI1005658,Emsland,DEU,Germany,gas,Gas,1837.0,,52.4819,7.3067
WRI1005661,Energiezentrale,DEU,Germany,gas,Gas,11.1,1991.0,51.5744,7.2979
WRI1005662,Energiezentrale 1992,DEU,Germany,gas,Gas,11.06,1992.0,48.3591,11.7903
WRI1005663,Energiezentrum Mohn Media,DEU,Germany,gas,Gas,22.0,1994.0,51.9073,8.4088
WRI1005668,Erweiterung Energiezentrale 2003,DEU,Germany,gas,Gas,7.44,2003.0,48.3591,11.7903
WRI1005679,FKK,DEU,Germany,coal,Coal,33.5,1988.0,51.2791,9.484
WRI1005684,FS-Karton,DEU,Germany,gas,Gas,18.9,1992.0,51.2171,6.6965
WRI1005743,Flensburg power station,DEU,Germany,coal,Coal,195.0,1986.0,54.8049,9.4324
WRI1005680,Fortuna Nord,DEU,Germany,coal,Coal,15.0,1984.0,50.9456,6.6636
WRI1005681,Franken 1,DEU,Germany,gas,Gas,823.0,,49.4208,11.0077
WRI1005683,Frimmersdorf power station,DEU,Germany,coal,Coal,562.0,1962.0,51.0574,6.5771
WRI1005686,G-Kraftwerk,DEU,Germany,coal,Coal,103.0,1962.0,51.3689,6.6541
WRI1005695,GHD,DEU,Germany,gas,Gas,13.4,1998.0,48.6403,12.4634
WRI1005697,GKH Hannover power station,DEU,Germany,coal,Coal,272.0,1989.0,52.42,9.6486
WRI1005698,GKL,DEU,Germany,gas,Gas,230.0,,52.3729,9.7142
WRI1005699,GKM (Mannheim) power station,DEU,Germany,coal,Coal,1958.0,1980.0,49.4452,8.4891
WRI1005709,GTKW Darmstadt,DEU,Germany,gas,Gas,94.6,2013.0,49.8849,8.6501
WRI1005720,GUD-Anlage DREWSEN,DEU,Germany,gas,Gas,13.0,2000.0,52.6235,10.2457
WRI1005691,Gemeinschaftskraftwerk Irsching,DEU,Germany,gas,Gas,1391.0,,48.767,11.58
WRI1005694,Gersteinwerk,DEU,Germany,gas,Gas,2004.5,,51.6725,7.7099
WRI1005705,Grubenheizkraftwerk,DEU,Germany,coal,Coal,49.0,1979.0,51.4627,11.714
WRI1005710,GuD,DEU,Germany,gas,Gas,100.0,2000.0,51.2214,6.7313
WRI1005711,GuD Anlage WVK,DEU,Germany,gas,Gas,60.1,1998.0,48.0202,7.8452
WRI1005712,GuD Baunatal  VW Werksgelände,DEU,Germany,gas,Gas,78.0,2013.0,51.2531,9.4379
WRI1005713,GuD Bitterfeld,DEU,Germany,gas,Gas,106.0,2000.0,51.6257,12.327
WRI1005714,GuD Kraftwerk Hillegossen,DEU,Germany,gas,Gas,37.5,2005.0,52.0333,8.5333
WRI1005715,GuD Leuna,DEU,Germany,gas,Gas,52.0,1998.0,51.2998,12.0193
WRI1005716,GuD Marienehe,DEU,Germany,gas,Gas,108.0,1996.0,54.1255,12.0819
WRI1005717,GuD Schwarzheide,DEU,Germany,gas,Gas,122.0,1994.0,51.4762,13.8891
WRI1005718,GuD Tiefstack,DEU,Germany,gas,Gas,127.0,2009.0,53.5267,10.0658
WRI1005719,GuD-Anlage,DEU,Germany,gas,Gas,47.0,2013.0,49.9882,9.1558
WRI1005721,GuD-Anlage Rüsselsheim,DEU,Germany,gas,Gas,112.1,1999.0,49.992,8.4141
WRI1005722,GuD-HKW Neubrandenburg,DEU,Germany,gas,Gas,75.0,1997.0,53.5745,13.2951
WRI1005723,GuD-Ikw Staßfurt,DEU,Germany,gas,Gas,132.0,1996.0,51.8655,11.5738
WRI1005724,GuD-Kraftwerk,DEU,Germany,gas,Gas,17.2,2005.0,49.5307,8.4709
WRI1005730,HBB,DEU,Germany,gas,Gas,24.0,2001.0,47.796,12.1193
WRI1005769,"HKW ""Helmshäger Berg""",DEU,Germany,gas,Gas,14.7,1996.0,54.0973,13.385
WRI1005770,HKW 1,DEU,Germany,gas,Gas,23.1,1972.0,51.4707,6.8616
WRI1005771,HKW 1 Werk Offstein,DEU,Germany,gas,Gas,30.0,1992.0,49.5991,8.221
WRI1005772,HKW 2,DEU,Germany,gas,Gas,24.5,1995.0,51.4707,6.8616
WRI1005774,HKW Bad Salzungen,DEU,Germany,gas,Gas,9.7,1994.0,50.8003,10.2206
WRI1005775,HKW Barmen,DEU,Germany,gas,Gas,82.0,2005.0,51.2689,7.2003
WRI1005776,HKW Bohrhügel,DEU,Germany,gas,Gas,13.5,1995.0,50.6315,10.6987
WRI1005767,HKW Brandenburg,DEU,Germany,gas,Gas,36.0,1997.0,51.5122,13.9711
WRI1005778,HKW Chemnitz  Nord II (Natural Gas),DEU,Germany,gas,Gas,57.2,1986.0,50.857,12.9231
WRI1005780,HKW Dresden-Nossener Brücke,DEU,Germany,gas,Gas,263.0,1995.0,51.0421,13.7086
WRI1005782,HKW Eltmann,DEU,Germany,gas,Gas,57.0,2008.0,49.984,10.6514
WRI1005783,HKW Erfurt-Ost,DEU,Germany,gas,Gas,109.1,,50.9848,11.0299
WRI1005784,HKW Erlangen (Coal),DEU,Germany,coal,Coal,17.4,1980.0,49.5928,11.0015
WRI1005785,HKW Erlangen (Natural Gas),DEU,Germany,gas,Gas,28.5,,49.593,11.0016
WRI1005786,HKW Fenne  GrubenNatural Gaskraftwerk,DEU,Germany,gas,Gas,42.0,2003.0,49.249,6.8792
WRI1005768,HKW Freiberg,DEU,Germany,gas,Gas,27.0,2001.0,48.0056,7.8423
WRI1005788,HKW Göttingen,DEU,Germany,gas,Gas,18.8,1998.0,51.5534,9.9337
WRI1005789,HKW Halle Trotha,DEU,Germany,gas,Gas,254.0,,51.481,11.9643
WRI1005790,HKW Hiltrop,DEU,Germany,gas,Gas,44.0,2014.0,51.508,7.2503
WRI1005791,HKW Humboldtstr.,DEU,Germany,gas,Gas,31.0,,54.3275,10.1267
WRI1005792,HKW I,DEU,Germany,coal,Coal,95.0,1985.0,51.4293,6.752
WRI1005793,HKW III/B,DEU,Germany,gas,Gas,274.0,2005.0,51.3907,6.7478
WRI1005794,HKW Jena,DEU,Germany,gas,Gas,182.0,1996.0,50.8969,11.5857
WRI1005795,HKW Karcherstr. (Coal),DEU,Germany,coal,Coal,13.4,1996.0,49.4346,7.7582
WRI1005796,HKW Karcherstr. (Natural Gas),DEU,Germany,gas,Gas,11.6,1989.0,49.4347,7.7602
WRI1005798,HKW Merheim,DEU,Germany,gas,Gas,15.8,2001.0,50.9431,7.0852
WRI1005799,HKW Merkenich,DEU,Germany,gas,Gas,15.5,1965.0,51.0179,6.964
WRI1005801,HKW Merkenich (Natural Gas),DEU,Germany,gas,Gas,108.0,2004.0,51.0178,6.9643
WRI1005802,HKW Niederrad,DEU,Germany,gas,Gas,126.0,2005.0,50.0856,8.6279
WRI1005803,HKW Niehl 2,DEU,Germany,gas,Gas,413.0,2005.0,50.9749,6.988
WRI1005804,HKW Nord,DEU,Germany,coal,Coal,61.5,2000.0,52.4328,10.7861
WRI1005805,HKW Nord West,DEU,Germany,coal,Coal,200.0,,51.2529,9.438
WRI1005806,HKW Pfaffenwald,DEU,Germany,gas,Gas,36.0,,48.7508,9.1103
WRI1005807,HKW Potsdam-Süd,DEU,Germany,gas,Gas,81.8,1996.0,52.3661,13.1125
WRI1005809,HKW Sachtleben,DEU,Germany,coal,Coal,27.5,1962.0,51.4409,6.7054
WRI1005810,HKW Sandreuth,DEU,Germany,gas,Gas,150.0,2005.0,49.4386,11.0606
WRI1005812,HKW Schwarza,DEU,Germany,gas,Gas,26.5,,50.6869,11.3293
WRI1005813,HKW Schwerin Lankow,DEU,Germany,gas,Gas,23.0,1994.0,53.6539,11.373
WRI1005814,HKW Schwerin Süd,DEU,Germany,gas,Gas,44.9,1994.0,53.5779,11.3965
WRI1005815,HKW Südstadt,DEU,Germany,gas,Gas,35.0,1994.0,50.917,6.9573
WRI1005818,HKW West,DEU,Germany,coal,Coal,138.5,1985.0,52.4422,10.7645
WRI1005817,HKW West,DEU,Germany,coal,Coal,123.0,1989.0,50.0984,8.6531
WRI1005816,HKW West,DEU,Germany,gas,Gas,99.0,1994.0,50.0984,8.6531
WRI1005820,HKW Wiesengrund,DEU,Germany,gas,Gas,22.1,1993.0,50.9816,10.2906
WRI1005821,HKW Wörth,DEU,Germany,gas,Gas,59.0,2008.0,49.07,8.307
WRI1005822,HKW-Mitte,DEU,Germany,gas,Gas,137.3,,52.2786,10.5147
WRI1005824,HKW-Nord,DEU,Germany,gas,Gas,25.0,1965.0,52.2786,10.5147
WRI1005825,HKW-West,DEU,Germany,gas,Gas,12.8,2002.0,52.0262,8.8666
WRI1005826,HKW3 UPM Schongau,DEU,Germany,gas,Gas,65.0,2015.0,48.1603,10.1144
WRI1005902,Hafen power station,DEU,Germany,coal,Coal,427.0,1973.0,53.1249,8.7287
WRI1005953,Hamburg-Moorburg,DEU,Germany,coal,Coal,1600.0,2015.0,53.489,9.949
WRI1005903,Hastedt power station,DEU,Germany,coal,Coal,119.0,1989.0,53.0601,8.8733
WRI1005728,Hattorf,DEU,Germany,gas,Gas,52.3,,50.8126,9.978
WRI1005747,Heilbronn power station,DEU,Germany,coal,Coal,778.0,1977.0,49.1773,9.2063
WRI1005732,Heizkraftwerk 1,DEU,Germany,gas,Gas,22.5,1992.0,53.5177,9.9508
WRI1005733,Heizkraftwerk 2,DEU,Germany,gas,Gas,152.0,,50.0918,8.5311
WRI1005734,Heizkraftwerk 3,DEU,Germany,coal,Coal,211.0,1989.0,49.249,6.8792
WRI1005735,Heizkraftwerk 4,DEU,Germany,gas,Gas,18.0,1976.0,48.3751,10.9028
WRI1005736,Heizkraftwerk 5,DEU,Germany,gas,Gas,10.0,1999.0,49.8828,8.6287
WRI1005738,Heizkraftwerk Altbach/Deizisau (Natural Gas),DEU,Germany,gas,Gas,65.0,,48.7176,9.3749
WRI1005739,Heizkraftwerk Bomlitz,DEU,Germany,gas,Gas,22.1,1912.0,52.9,9.65
WRI1005741,Heizkraftwerk Evonik Rheinfelden,DEU,Germany,gas,Gas,16.0,1980.0,47.5708,7.8072
WRI1005742,Heizkraftwerk FFO,DEU,Germany,coal,Coal,45.0,1997.0,52.346,14.546
WRI1005744,Heizkraftwerk Gera-Nord,DEU,Germany,gas,Gas,148.0,1996.0,50.9076,12.061
WRI1005745,Heizkraftwerk Hafen,DEU,Germany,gas,Gas,100.2,2005.0,51.9501,7.6413
WRI1005746,Heizkraftwerk Hagen-Kabel,DEU,Germany,gas,Gas,230.0,1980.0,51.411,7.4917
WRI1005749,Heizkraftwerk Karlstraße 2,DEU,Germany,gas,Gas,95.0,2013.0,50.7338,7.0805
WRI1005750,Heizkraftwerk Krefeld,DEU,Germany,gas,Gas,12.6,,51.3388,6.5853
WRI1005751,Heizkraftwerk Leipzig-Nord,DEU,Germany,gas,Gas,167.0,1996.0,51.3512,12.3784
WRI1005752,Heizkraftwerk Magirusstraße,DEU,Germany,coal,Coal,20.7,1978.0,48.397,9.9648
WRI1005756,Heizkraftwerk Pforzheim GmbH,DEU,Germany,gas,Gas,52.5,1969.0,48.8832,8.6653
WRI1005758,Heizkraftwerk Sindelfingen,DEU,Germany,gas,Gas,95.0,,48.6972,8.9992
WRI1005759,Heizkraftwerk Stendal,DEU,Germany,gas,Gas,22.0,1994.0,52.6087,11.8325
WRI1005760,Heizkraftwerk Stuttgart-Gaisburg,DEU,Germany,coal,Coal,22.6,2009.0,48.7825,9.2315
WRI1005761,Heizkraftwerk West,DEU,Germany,gas,Gas,37.0,1984.0,49.0144,8.3481
WRI1005740,Heizkraftwerk der Sappi Stockstadt GmbH,DEU,Germany,coal,Coal,24.8,1969.0,49.9774,9.0687
WRI1005762,Heizkraftwerk zur Papierfabrik,DEU,Germany,gas,Gas,18.1,1995.0,52.618,7.8619
WRI1005763,Heizkraftwerke an der Friedensbrücke,DEU,Germany,gas,Gas,122.0,,49.8,9.9231
WRI1005904,Herne power station,DEU,Germany,coal,Coal,729.0,1976.0,51.5508,7.1875
WRI1005765,Heyden power station,DEU,Germany,coal,Coal,875.0,1987.0,52.3828,8.996
WRI1005754,Hkw Offenbach power station,DEU,Germany,coal,Coal,54.0,1988.0,50.0652,8.769
WRI1005829,Holthausen,DEU,Germany,gas,Gas,84.0,1948.0,51.1756,6.838
WRI1005830,Huckingen,DEU,Germany,gas,Gas,606.0,,51.3679,6.7167
WRI1006123,Huerth Ville / Berrenrath power station,DEU,Germany,coal,Coal,52.0,1991.0,50.8614,6.8407
WRI1005831,Huntorf,DEU,Germany,gas,Gas,321.0,1978.0,53.1897,8.4087
WRI1005834,IHKW Heidenheim,DEU,Germany,gas,Gas,26.5,,48.6701,10.1506
WRI1005835,IKS PCK Schwedt,DEU,Germany,oil,Oil,333.5,,53.0982,14.2345
WRI1005839,ILK-GuD,DEU,Germany,gas,Gas,135.7,1994.0,51.2998,12.0193
WRI1005846,INEOS Kraftwerk,DEU,Germany,gas,Gas,24.0,1995.0,51.4693,6.6436
WRI1005832,Ibbenbüren-B power station,DEU,Germany,coal,Coal,794.0,1985.0,52.2888,7.7479
WRI1005840,Industrie-Kraftwerk,DEU,Germany,coal,Coal,79.0,1975.0,51.5649,6.5782
WRI1005841,Industriekraftwerk Bernburg (IKB),DEU,Germany,gas,Gas,66.0,1994.0,51.8012,11.7544
WRI1005842,Industriekraftwerk Breuberg,DEU,Germany,gas,Gas,11.4,1999.0,49.8108,9.0117
WRI1005843,Industriekraftwerk Greifswald,DEU,Germany,gas,Gas,37.7,2014.0,54.1379,13.6671
WRI1005844,Industriekraftwerk Ludwigshafen,DEU,Germany,gas,Gas,12.0,2003.0,49.4532,8.4336
WRI1005845,Industriepark Werk Gendorf,DEU,Germany,gas,Gas,49.0,2002.0,48.1768,12.7306
WRI1005850,Itzehoe,DEU,Germany,oil,Oil,88.0,1972.0,53.9664,9.4495
WRI1005906,Janschwalde power station,DEU,Germany,coal,Coal,2790.0,1985.0,51.8344,14.459
WRI1005852,K&N PFK AG EV,DEU,Germany,gas,Gas,12.75,1993.0,51.0513,13.0166
WRI1005909,KW Kirchlengern,DEU,Germany,gas,Gas,201.5,1980.0,52.1951,8.6482
WRI1005912,KW Mittelsbüren,DEU,Germany,oil,Oil,198.0,,53.1289,8.6852
WRI1005915,KW Voerde,DEU,Germany,coal,Coal,1390.0,,51.5765,6.6894
WRI1005916,KW Walsum,DEU,Germany,coal,Coal,1200.0,,51.5267,6.7187
WRI1005917,KW West,DEU,Germany,coal,Coal,640.0,1971.0,51.5796,6.6789
WRI1005919,KWH,DEU,Germany,gas,Gas,102.0,1975.0,52.3667,9.7167
WRI1005920,KWK AOS GmbH,DEU,Germany,gas,Gas,30.7,2012.0,53.6575,9.502
WRI1005924,KWK-Anlage Barby,DEU,Germany,gas,Gas,18.0,1993.0,51.9832,11.8766
WRI1005925,KWK-Anlage Krefeld DT,DEU,Germany,gas,Gas,25.8,2004.0,51.3392,6.6642
WRI1005926,KWK-Anlage Krefeld VM,DEU,Germany,gas,Gas,14.0,2004.0,51.3392,6.6642
WRI1005927,KWKK Heidelberg,DEU,Germany,gas,Gas,13.5,2002.0,49.4216,8.6728
WRI1005928,KWM,DEU,Germany,coal,Coal,690.0,1979.0,52.315,10.0914
WRI1005859,Kessel 2,DEU,Germany,gas,Gas,2.9,1967.0,50.777,6.486
WRI1005860,Kessel 4,DEU,Germany,coal,Coal,9.3,1983.0,50.777,6.486
WRI1005861,Kesselhaus Zuckerfabrik,DEU,Germany,gas,Gas,15.1,1993.0,53.8563,13.7101
WRI1005692,Kiel power station,DEU,Germany,coal,Coal,323.0,1970.0,54.3394,10.1766
WRI1005862,Kirchmöser,DEU,Germany,gas,Gas,160.0,1994.0,52.3942,12.4181
WRI1005864,Klingenberg,DEU,Germany,coal,Coal,164.0,1981.0,52.4889,13.497
WRI1005865,Knapsack Natural Gas I,DEU,Germany,gas,Gas,1230.0,,50.8617,6.8424
WRI1005869,Kohlekraftwerk,DEU,Germany,coal,Coal,14.4,2010.0,50.7055,6.6536
WRI1005870,Kombi-HKW,DEU,Germany,gas,Gas,50.0,1987.0,51.2791,9.484
WRI1005871,Kombikraftwerk,DEU,Germany,gas,Gas,46.6,1993.0,51.4656,12.592
WRI1005874,Kraftwerk,DEU,Germany,coal,Coal,10.0,1995.0,50.9456,6.665
WRI1005873,Kraftwerk,DEU,Germany,oil,Oil,66.3,1962.0,50.8305,6.9594
WRI1005875,Kraftwerk 2,DEU,Germany,gas,Gas,34.2,,50.5691,9.6813
WRI1005877,Kraftwerk Bexbach,DEU,Germany,coal,Coal,721.0,1983.0,49.3635,7.2371
WRI1005879,Kraftwerk Ensdorf,DEU,Germany,coal,Coal,389.0,,49.2932,6.7709
WRI1005880,Kraftwerk Fulda,DEU,Germany,oil,Oil,24.8,2011.0,50.5664,9.6861
WRI1005881,Kraftwerk Grenzach-Wyhlen,DEU,Germany,gas,Gas,40.0,2004.0,47.5397,7.7069
WRI1005882,Kraftwerk Hausham,DEU,Germany,oil,Oil,92.8,1982.0,47.7524,11.8398
WRI1005883,Kraftwerk II,DEU,Germany,coal,Coal,296.2,1966.0,51.6804,7.0969
WRI1005884,Kraftwerk III,DEU,Germany,gas,Gas,139.0,,51.6804,7.0969
WRI1005885,Kraftwerk L 57,DEU,Germany,coal,Coal,26.0,1957.0,51.3698,6.6615
WRI1005886,Kraftwerk Mainz,DEU,Germany,gas,Gas,434.2,2001.0,50.0264,8.2379
WRI1005887,Kraftwerk Meggle,DEU,Germany,gas,Gas,12.6,2000.0,48.0564,12.1852
WRI1005888,Kraftwerk Mitte,DEU,Germany,gas,Gas,490.0,2005.0,49.5137,8.4316
WRI1005889,Kraftwerk N 230,DEU,Germany,coal,Coal,110.0,1971.0,51.3698,6.6615
WRI1005891,Kraftwerk Plattling,DEU,Germany,gas,Gas,97.9,2010.0,48.7874,12.8825
WRI1005895,Kraftwerk Süd,DEU,Germany,gas,Gas,390.0,1997.0,49.5136,8.4316
WRI1005897,Kraftwerk Walheim,DEU,Germany,oil,Oil,136.0,1981.0,49.0175,9.1574
WRI1005898,Kraftwerk Werdohl-Elverlingsen,DEU,Germany,coal,Coal,310.0,1982.0,51.2764,7.7057
WRI1005934,Lichterfelde,DEU,Germany,gas,Gas,432.0,,52.4252,13.3098
WRI1005935,Lippendorf power station,DEU,Germany,coal,Coal,875.0,2000.0,51.1821,12.3733
WRI1005911,Lünen power station (KSBG),DEU,Germany,coal,Coal,473.0,1967.0,51.614,7.4643
WRI1005954,MT  Düren,DEU,Germany,gas,Gas,14.0,2011.0,50.7728,6.49
WRI1005947,MiRO,DEU,Germany,oil,Oil,70.0,1995.0,49.0608,8.3244
WRI1005948,Mitte,DEU,Germany,gas,Gas,444.0,1996.0,52.5117,13.4209
WRI1005951,Moabit (Oil),DEU,Germany,oil,Oil,51.0,1971.0,52.5374,13.3461
WRI1005952,Modellkraftwerk,DEU,Germany,coal,Coal,179.0,1982.0,49.249,6.8792
WRI1006093,Natural Gas Turbine #1,DEU,Germany,gas,Gas,28.0,1975.0,49.2095,7.936
WRI1006095,Natural Gas Turbine #2,DEU,Germany,gas,Gas,19.5,1978.0,51.6627,10.3531
WRI1006101,Natural Gas Turbine #3,DEU,Germany,gas,Gas,36.0,2014.0,51.1514,13.9776
WRI1005706,Natural Gas Turbine #6,DEU,Germany,gas,Gas,217.8,,51.2212,6.7319
WRI1005708,Natural Gas Turbine #7,DEU,Germany,gas,Gas,18.6,,49.4059,11.1329
WRI1005972,Natural Gas Turbine #8,DEU,Germany,gas,Gas,28.8,2004.0,48.401,10.9358
WRI1005973,Natural Gas Turbine #9,DEU,Germany,gas,Gas,51.9,1975.0,50.8305,6.9594
WRI1005967,Natural Gas- u. Dampfturbinenanlage Südraum,DEU,Germany,gas,Gas,38.6,2012.0,49.2137,6.9781
WRI1005968,Natural Gasblock,DEU,Germany,gas,Gas,293.0,1976.0,51.2214,6.7313
WRI1005969,Natural Gaskraftwerk #1,DEU,Germany,gas,Gas,45.3,1966.0,50.7055,6.6536
WRI1005971,Natural Gasmotore,DEU,Germany,gas,Gas,23.3,2011.0,47.8561,12.1341
WRI1005977,Neurath power station,DEU,Germany,coal,Coal,2068.0,1974.0,51.0395,6.615
WRI1005979,Niederaussem power station,DEU,Germany,coal,Coal,3430.0,1979.0,50.993,6.6685
WRI1005982,Nord 2,DEU,Germany,coal,Coal,332.7,1991.0,48.1805,11.6393
WRI1005988,Obernburg,DEU,Germany,gas,Gas,100.0,,49.8293,9.1482
WRI1005992,P&L Werk Appeldorn,DEU,Germany,gas,Gas,11.4,2004.0,51.7297,6.3586
WRI1005993,P&L Werk Euskirchen,DEU,Germany,coal,Coal,14.5,,50.658,6.8101
WRI1005994,P&L Werk Jülich,DEU,Germany,coal,Coal,24.6,2004.0,50.9152,6.3693
WRI1005995,P&L Werk Könnern,DEU,Germany,coal,Coal,20.3,1993.0,51.6978,11.7581
WRI1005996,P&L Werk Lage,DEU,Germany,gas,Gas,10.2,1980.0,51.9861,8.8073
WRI1006003,PKV Kraftwerk,DEU,Germany,gas,Gas,60.0,1989.0,53.4032,8.1282
WRI1006010,PWG,DEU,Germany,gas,Gas,10.6,,47.7895,11.0554
WRI1005757,Pforzheim power station,DEU,Germany,coal,Coal,26.9,1990.0,48.8973,8.7245
WRI1006014,RAG Anthrazit Ibbenbüren GmbH,DEU,Germany,gas,Gas,33.4,1985.0,52.2859,7.7461
WRI1006012,Raffineriekraftwerk,DEU,Germany,oil,Oil,92.5,1997.0,51.2998,12.0193
WRI1006013,Raffineriekraftwerk Köln Godorf,DEU,Germany,oil,Oil,80.0,2004.0,50.8548,6.9808
WRI1006017,Reno De Medici,DEU,Germany,coal,Coal,19.0,,51.3914,8.073
WRI1006026,Rheinhafen-Dampfkraftwerk,DEU,Germany,coal,Coal,1547.0,,49.0134,8.3065
WRI1006025,Rheinhafen-Dampfkraftwerk,DEU,Germany,gas,Gas,353.0,1998.0,49.013,8.304
WRI1005866,Rostock power station,DEU,Germany,coal,Coal,514.0,1994.0,54.1428,12.1329
WRI1006049,SKW Diesel,DEU,Germany,oil,Oil,10.5,1978.0,47.6835,10.3191
WRI1006050,SKW Natural Gasturbine,DEU,Germany,oil,Oil,24.0,1988.0,47.6835,10.3191
WRI1006061,STW,DEU,Germany,gas,Gas,13.5,2007.0,50.8741,13.3944
WRI1006041,Schkopau power station,DEU,Germany,coal,Coal,900.0,1996.0,51.3985,11.9504
WRI1006042,Scholven power station,DEU,Germany,coal,Coal,690.0,1973.0,51.6024,7.0099
WRI1006045,Schwarze Pumpe power station,DEU,Germany,coal,Coal,1500.0,1998.0,51.5348,14.3531
WRI1006047,Sigmundshall,DEU,Germany,gas,Gas,19.0,1974.0,52.4185,9.3681
WRI1006051,Spitzenlastanlage Barmen,DEU,Germany,oil,Oil,60.0,2008.0,51.2689,7.2003
WRI1006052,Spitzenlastkraftwerk Großkayna,DEU,Germany,oil,Oil,120.0,1994.0,51.2919,11.9465
WRI1006053,Spitzenlastkraftwerk Sermuth,DEU,Germany,oil,Oil,17.0,1995.0,51.1614,12.7815
WRI1006054,Spitzenlastkraftwerk Wolfen,DEU,Germany,gas,Gas,40.0,1997.0,51.6431,12.2289
WRI1006056,Staudinger power station,DEU,Germany,coal,Coal,1132.0,1992.0,50.0886,8.9534
WRI1006058,Steinitz,DEU,Germany,gas,Gas,11.4,1995.0,52.83,11.1033
WRI1006019,Stuttgart-Muenster,DEU,Germany,coal,Coal,159.9,1983.0,48.8158,9.2211
WRI1006062,Süd DT1,DEU,Germany,gas,Gas,79.7,1980.0,48.1351,11.582
WRI1006063,Süd DT60,DEU,Germany,gas,Gas,127.6,2004.0,48.1351,11.582
WRI1006064,Süd GT 61,DEU,Germany,gas,Gas,444.6,2004.0,48.1351,11.582
WRI1006068,Thyrow,DEU,Germany,gas,Gas,296.0,,52.2302,13.3019
WRI1006069,Tiefstack power station,DEU,Germany,coal,Coal,194.0,1993.0,53.5262,10.0632
WRI1006073,Trianel Kohlekraftwerk Lünen,DEU,Germany,coal,Coal,746.0,2013.0,51.6124,7.4653
WRI1006074,Trianel Natural Gaskraftwerk,DEU,Germany,gas,Gas,838.0,2008.0,51.6739,7.9291
WRI1006115,UPM Augsburg,DEU,Germany,gas,Gas,29.0,1966.0,48.3801,10.9014
WRI1006113,Unterbreizbach,DEU,Germany,gas,Gas,33.6,1965.0,50.8132,9.9775
WRI1005682,Wachtberg power station,DEU,Germany,coal,Coal,118.0,1959.0,50.8976,6.7931
WRI1006125,Waehlitz power station,DEU,Germany,coal,Coal,31.0,1994.0,51.1666,12.0762
WRI1075565,Walheim power station,DEU,Germany,coal,Coal,267.0,1966.0,49.0177,9.1577
WRI1006131,Wedel,DEU,Germany,oil,Oil,101.0,1972.0,53.5663,9.7285
WRI1006130,Wedel power station,DEU,Germany,coal,Coal,260.0,1961.0,53.567,9.7244
WRI1006133,Weiher,DEU,Germany,coal,Coal,655.6,1976.0,49.3341,7.0314
WRI1006134,Weisweiler power station,DEU,Germany,coal,Coal,1800.0,1968.0,50.8392,6.3211
WRI1006137,Werkskraftwerk Sappi Alfeld 2,DEU,Germany,gas,Gas,20.0,1947.0,51.9851,9.8225
WRI1006141,Westfalen,DEU,Germany,coal,Coal,1049.0,2014.0,51.6805,7.9696
WRI1006144,Wilhelmshaven (Oil),DEU,Germany,oil,Oil,56.0,1973.0,53.5658,8.1462
WRI1006143,Wilhelmshaven power station,DEU,Germany,coal,Coal,757.0,1976.0,53.5658,8.1462
WRI1006145,Wilmersdorf,DEU,Germany,oil,Oil,828.0,1977.0,52.4816,13.3076
WRI1006146,Wintershall,DEU,Germany,gas,Gas,109.5,1967.0,50.894,9.9972
WRI1005781,Wuppertal-Elberfeld power station,DEU,Germany,coal,Coal,85.0,1989.0,51.2484,7.1187
WRI1006150,X-Kraftwerk,DEU,Germany,gas,Gas,27.0,1981.0,51.0144,6.9873
WRI1006153,Zielitz,DEU,Germany,gas,Gas,52.0,1996.0,52.2985,11.6796
WRI1061091,Agios Dimitrios power station,GRC,Greece,coal,Coal,1595.0,1988.0,40.3941,21.9256
WRI1061107,Agios Georgiou,GRC,Greece,gas,Gas,360.0,,37.9539,23.6104
WRI1061105,Aliveri,GRC,Greece,gas,Gas,420.0,,38.3896,24.0524
WRI1061095,Amyntaio power station,GRC,Greece,coal,Coal,600.0,1987.0,40.6192,21.6832
WRI1061072,Atherinolakkos,GRC,Greece,oil,Oil,102.0,,35.0038,26.1397
WRI1061109,Chania,GRC,Greece,gas,Gas,134.0,1998.0,35.488,24.0384
WRI1061096,Florina power station,GRC,Greece,coal,Coal,330.0,2003.0,40.8122,21.6027
WRI1061108,Heron I,GRC,Greece,gas,Gas,148.0,,38.2801,23.3264
WRI1061103,Heron II,GRC,Greece,gas,Gas,432.0,2010.0,38.2792,23.3299
WRI1061092,Kardia power station,GRC,Greece,coal,Coal,1250.0,1978.0,40.4102,21.7856
WRI1061102,Korinthos Power Plant,GRC,Greece,gas,Gas,437.0,2012.0,37.9208,23.0665
WRI1061100,Kotomini,GRC,Greece,gas,Gas,485.0,2002.0,41.0646,25.4899
WRI1061099,Lavrio,GRC,Greece,gas,Gas,723.0,,37.7463,24.0666
WRI1061071,Linoperamata,GRC,Greece,oil,Oil,193.0,,35.34,25.0523
WRI1061093,Megalopoli power station,GRC,Greece,coal,Coal,600.0,1979.0,37.4174,22.1079
WRI1061098,Megalopolis V,GRC,Greece,gas,Gas,811.0,,37.418,22.1083
WRI1061101,Protergia Power Plant,GRC,Greece,gas,Gas,444.0,2011.0,38.3585,22.6883
WRI1061094,Ptolemais,GRC,Greece,coal,Coal,620.0,,40.4809,21.7274
WRI1023514,South Rhodes Power Plant,GRC,Greece,oil,Oil,206.0,,36.3789,28.0186
WRI1061106,Thessaloniki Power Plant,GRC,Greece,gas,Gas,390.0,2005.0,40.6872,22.885
WRI1061104,Thisvi Power Station,GRC,Greece,gas,Gas,421.0,2010.0,38.2365,22.95
WRI1020251,Alpiq Csepel Erőmű,HUN,Hungary,gas,Gas,401.0,,47.428,19.0525
WRI1075836,Bakony power station,HUN,Hungary,coal,Coal,60.0,1957.0,47.0956,17.5584
WRI1020262,Debreceni Kombináltciklusú Erőmű,HUN,Hungary,gas,Gas,95.0,,47.5185,21.6329
WRI1020249,Dunamenti Erőmű,HUN,Hungary,gas,Gas,840.7,,47.3283,18.9169
WRI1020270,GREENERGY szabályozási központ,HUN,Hungary,gas,Gas,45.8,,46.0641,18.2646
WRI1020250,Gönyűi Erőmű,HUN,Hungary,gas,Gas,426.6,,47.7384,17.8033
WRI1020253,Kelenföldi Erőmű,HUN,Hungary,gas,Gas,173.0,,47.4624,19.0563
WRI1020259,Kispesti Erőmű,HUN,Hungary,gas,Gas,109.2,,47.4568,19.1673
WRI1020254,Lőrinci Gázturbinás Erőmű,HUN,Hungary,oil,Oil,170.0,,47.7164,19.6778
WRI1020248,Matra power station,HUN,Hungary,coal,Coal,884.0,1983.0,47.7886,20.066
WRI1020252,Oroszlány power station,HUN,Hungary,coal,Coal,250.0,1962.0,47.5017,18.2701
WRI1020247,Tiszai Erőmű,HUN,Hungary,gas,Gas,864.0,,47.9178,21.0784
WRI1002813,Aghada,IRL,Ireland,gas,Gas,528.0,,51.8347,-8.2362
WRI1002814,Aghada CCGT,IRL,Ireland,gas,Gas,435.0,,51.8347,-8.2362
WRI1002820,Cushaling,IRL,Ireland,oil,Oil,116.0,,53.2926,-7.0866
WRI1002821,Dublin Bay Power,IRL,Ireland,gas,Gas,415.0,,53.34,-6.2049
WRI1002822,Edenderry,IRL,Ireland,oil,Oil,117.6,,53.2902,-7.0845
WRI1002824,Great Island,IRL,Ireland,oil,Oil,216.0,,52.2793,-6.9935
WRI1002825,Huntstown,IRL,Ireland,gas,Gas,343.0,,53.4119,-6.3261
WRI1002826,Huntstown Phase II,IRL,Ireland,gas,Gas,404.0,,53.4119,-6.3261
WRI1002832,Marina No ST,IRL,Ireland,gas,Gas,88.0,,51.9,-8.4458
WRI1002834,Moneypoint power station,IRL,Ireland,coal,Coal,915.0,1986.0,52.6074,-9.4237
WRI1002836,Poolbeg Combined Cycle,IRL,Ireland,gas,Gas,480.0,,53.3396,-6.1867
WRI1002837,Rhode,IRL,Ireland,oil,Oil,104.0,,53.3594,-7.213
WRI1002838,Sealrock (Aughinish CHP),IRL,Ireland,gas,Gas,166.0,,52.6324,-9.0596
WRI1002839,Tarbert,IRL,Ireland,oil,Oil,488.0,,52.5893,-9.3632
WRI1002840,Tawnaghmore,IRL,Ireland,oil,Oil,104.0,,54.1934,-9.2206
WRI1002842,Tynagh,IRL,Ireland,gas,Gas,388.5,,53.1658,-8.381
WRI1002844,Whitegate,IRL,Ireland,gas,Gas,445.0,,51.8161,-8.2511
WRI1002845,ALTOMONTE,ITA,Italy,gas,Gas,808.0,2006.0,39.7118,16.215
WRI1002847,API ENERGIA IGCC,ITA,Italy,gas,Gas,280.0,2001.0,37.2814,13.521
WRI1002848,ASSEMINI,ITA,Italy,oil,Oil,177.0,1992.0,39.2269,8.9972
WRI1002849,AUGUSTA C.LE,ITA,Italy,oil,Oil,210.0,1959.0,37.2083,15.1778
WRI1002851,AZOTATI,ITA,Italy,gas,Gas,240.0,1993.0,45.4511,12.2239
WRI1002885,Andrea Palladio power station (FUSINA),ITA,Italy,coal,Coal,976.0,1971.0,45.4314,12.2468
WRI1002857,BUSSI,ITA,Italy,gas,Gas,125.0,1994.0,42.2002,13.8398
WRI1002854,Brindisi Nord power station,ITA,Italy,coal,Coal,640.0,1974.0,40.6432,17.9802
WRI1002855,Brindisi Sud power station,ITA,Italy,coal,Coal,2640.0,1992.0,40.5632,18.0318
WRI1002858,CANDELA,ITA,Italy,gas,Gas,400.0,,41.2014,15.4762
WRI1002862,CCGT APRILIA,ITA,Italy,gas,Gas,787.0,,41.5616,12.6337
WRI1002864,CELANO,ITA,Italy,gas,Gas,180.0,1998.0,42.0458,13.5475
WRI1002865,CENTRALE DI SCANDALE,ITA,Italy,gas,Gas,826.0,,39.1022,17.0325
WRI1002866,CENTRALE DI TEVEROLA,ITA,Italy,gas,Gas,400.0,2007.0,41.0092,14.2281
WRI1002867,CENTRALE DI TURANO LODIGIANO - BERTONICO (LO),ITA,Italy,gas,Gas,800.0,2011.0,45.2268,9.6377
WRI1002871,CHIVASSO,ITA,Italy,gas,Gas,1123.0,,45.1856,7.9016
WRI1002873,CTE DEL MINCIO,ITA,Italy,gas,Gas,400.0,,45.3993,10.7142
WRI1002874,CTE NUCE NORD,ITA,Italy,gas,Gas,480.0,,37.1313,15.2014
WRI1002875,CTE TAMARETE,ITA,Italy,gas,Gas,104.0,2013.0,42.3496,14.4039
WRI1002861,Cassano d’Adda,ITA,Italy,gas,Gas,969.0,,45.5115,9.5098
WRI1002876,E.ON C.TE LIVORNO FERRARIS,ITA,Italy,gas,Gas,804.0,,45.2372,8.1932
WRI1002878,ENERGIA MOLISE,ITA,Italy,gas,Gas,769.0,2006.0,41.9369,15.0004
WRI1002879,ENIPOWER BRINDISI,ITA,Italy,gas,Gas,1260.0,,40.6293,18.0033
WRI1002880,ENIPOWER RAVENNA,ITA,Italy,gas,Gas,972.0,2000.0,45.512,9.509
WRI1002884,Fiume Santo power station,ITA,Italy,coal,Coal,640.0,1992.0,40.8461,8.3068
WRI1002890,GISSI,ITA,Italy,gas,Gas,840.0,2004.0,42.0502,14.5639
WRI1002894,ISAB ENERGY,ITA,Italy,gas,Gas,521.0,1998.0,37.1399,15.2158
WRI1002896,JESI,ITA,Italy,gas,Gas,140.0,2001.0,43.5537,13.285
WRI1002897,LA CASELLA C.LE,ITA,Italy,gas,Gas,1465.85,,45.0904,9.4805
WRI1002898,LAMARMORA,ITA,Italy,oil,Oil,116.7,,45.5248,10.2273
WRI1002903,LARINO TG,ITA,Italy,gas,Gas,250.0,1992.0,41.8055,14.9193
WRI1002904,LEINI,ITA,Italy,gas,Gas,379.5,2007.0,45.163,7.7505
WRI1002905,LEVANTE,ITA,Italy,gas,Gas,752.5,1992.0,45.4458,12.2552
WRI1002906,LIVORNO MARZOCCO,ITA,Italy,oil,Oil,310.0,1965.0,43.5673,10.31
WRI1002900,La Spezia power station,ITA,Italy,coal,Coal,1300.0,1967.0,44.1118,9.8743
WRI1002909,MILAZZO,ITA,Italy,gas,Gas,162.9,,38.2212,15.2383
WRI1002910,MONCALIERI,ITA,Italy,gas,Gas,780.0,,44.993,7.6755
WRI1002912,MONTALTO (Alessandro Volta),ITA,Italy,gas,Gas,3446.0,,42.3572,11.5373
WRI1002907,Maddaloni,ITA,Italy,gas,Gas,352.0,1977.0,41.0197,14.37
WRI1002911,Monfalcone power station,ITA,Italy,coal,Coal,336.0,1968.0,45.7979,13.5455
WRI1002916,NAPOLI L,ITA,Italy,gas,Gas,400.0,2009.0,40.8339,14.3006
WRI1002917,OSTIGLIA,ITA,Italy,gas,Gas,1457.0,2013.0,45.0603,11.1374
WRI1002918,PIACENZA,ITA,Italy,gas,Gas,806.0,2006.0,45.0543,9.7086
WRI1002919,PIETRAFITTA,ITA,Italy,gas,Gas,365.0,,42.9954,12.1995
WRI1002920,PIOMBINO TERMICA,ITA,Italy,oil,Oil,1280.0,,42.9565,10.6034
WRI1002923,PORCARI,ITA,Italy,gas,Gas,100.0,1996.0,43.8235,10.6023
WRI1002924,PORTO CORSINI,ITA,Italy,gas,Gas,750.0,2002.0,44.4836,12.2652
WRI1002925,PORTO EMPEDOCLE C.LE,ITA,Italy,oil,Oil,140.0,,37.3123,13.5071
WRI1002927,PORTO TOLLE,ITA,Italy,oil,Oil,2640.0,,44.9569,12.4883
WRI1002928,PORTO VIRO,ITA,Italy,gas,Gas,125.0,,45.0178,12.2408
WRI1002930,PRIOLO C.LE,ITA,Italy,gas,Gas,750.0,,37.14,15.2159
WRI1002853,Pietro Vannucci power station,ITA,Italy,coal,Coal,150.0,1990.0,42.8971,12.5381
WRI1002926,Portoscuso,ITA,Italy,oil,Oil,320.0,1973.0,39.2047,8.3789
WRI1002935,RIZZICONI,ITA,Italy,gas,Gas,760.0,,38.4453,15.99
WRI1002939,ROSSANO TE,ITA,Italy,oil,Oil,1200.0,,39.6218,16.6084
WRI1002947,SAN FILIPPO DEL MELA,ITA,Italy,oil,Oil,866.0,,38.2049,15.2818
WRI1002946,SAN QUIRICO,ITA,Italy,gas,Gas,137.0,,44.9167,10.25
WRI1002948,SARLUX,ITA,Italy,gas,Gas,630.0,2000.0,39.1037,9.0063
WRI1002949,SARMATO,ITA,Italy,gas,Gas,180.0,1998.0,45.0522,9.5072
WRI1002951,SERMIDE,ITA,Italy,gas,Gas,1151.0,2004.0,45.0265,11.2522
WRI1002953,SIMERI CRICHI,ITA,Italy,gas,Gas,760.0,,38.8759,16.6569
WRI1002956,SORGENIA PUGLIA CENTRALE DI MODUGNO,ITA,Italy,gas,Gas,800.0,2010.0,41.1025,16.756
WRI1002958,SPARANISE,ITA,Italy,gas,Gas,760.0,,41.1783,14.1129
WRI1002940,Santa Barbara,ITA,Italy,gas,Gas,390.0,2006.0,43.565,11.4777
WRI1002959,Sulcis power station,ITA,Italy,coal,Coal,350.0,1997.0,39.1961,8.4002
WRI1002962,TAVAZZANO,ITA,Italy,gas,Gas,1520.0,2005.0,45.3325,9.4364
WRI1002964,TERMINI IMERESE C.LE,ITA,Italy,gas,Gas,1235.0,,37.9684,13.7512
WRI1021298,TERNI,ITA,Italy,gas,Gas,95.0,,42.554,12.6176
WRI1002966,TOR DI VALLE,ITA,Italy,gas,Gas,223.0,,41.8117,12.4228
WRI1002970,TORREVALDALIGA South,ITA,Italy,gas,Gas,1488.0,,42.1241,11.7624
WRI1002971,TORVISCOSA,ITA,Italy,gas,Gas,785.0,2006.0,45.817,13.2891
WRI1002972,TRAPANI C.LE,ITA,Italy,gas,Gas,213.4,,38.0158,12.5108
WRI1002973,TURBIGO,ITA,Italy,oil,Oil,1569.0,,45.5201,8.7422
WRI1002969,Torrevaldaliga Nord power station,ITA,Italy,coal,Coal,1980.0,2009.0,42.1269,11.7583
WRI1002976,VADO Ligure,ITA,Italy,gas,Gas,1353.0,2007.0,44.2755,8.4305
WRI1002982,VERZUOLO,ITA,Italy,gas,Gas,140.0,,44.5947,7.4858
WRI1002983,VOGHERA,ITA,Italy,gas,Gas,380.5,,45.0296,8.9723
WRI1022440,RTEC1,LVA,Latvia,gas,Gas,138.0,,56.9904,24.1788
WRI1022437,Riga Tec 2,LVA,Latvia,gas,Gas,863.0,,56.918,24.2766
GEODB0042163,Elektrenai (Lithuania) Thermal Power Plant Lithuania,LTU,Lithuania,gas,Gas,1800.0,,54.7701,24.6474
GEODB0042165,Kaunas CHP Power Plant Lithuania,LTU,Lithuania,gas,Gas,170.0,,54.9212,24.018
GEODB0042167,Mazheikiai CHP Power Plant Lithuania,LTU,Lithuania,gas,Gas,160.0,,56.3843,22.1841
GEODB0042166,Vilnius TE-3 CHP Power Plant Lithuania,LTU,Lithuania,gas,Gas,360.0,,54.6676,25.156
GEODB0045217,Esch-sur-Alzette CCGT Power Plant Luxembourg,LUX,Luxembourg,gas,Gas,385.0,,49.5119,5.9646
WRI1005499,Centrale Merwedekanaal,NLD,Netherlands,gas,Gas,227.0,,52.1017,5.0794
WRI1005506,Delesto,NLD,Netherlands,gas,Gas,530.0,,53.3185,6.9544
WRI1019310,Diemen 33,NLD,Netherlands,gas,Gas,684.0,1995.0,52.3389,5.0213
WRI1005509,ELSTA,NLD,Netherlands,gas,Gas,456.0,,51.3331,3.7787
WRI1019288,Eems,NLD,Netherlands,gas,Gas,2465.0,1996.0,53.4441,6.856
WRI1019289,Eemshaven,NLD,Netherlands,coal,Coal,1600.0,2015.0,53.4355,6.8793
WRI1019305,FLEVO,NLD,Netherlands,gas,Gas,999.0,2010.0,52.5772,5.53
WRI1019307,GELDERLAND,NLD,Netherlands,coal,Coal,590.0,,51.8561,5.8294
WRI1019306,HARCULO,NLD,Netherlands,gas,Gas,349.0,,52.468,6.1088
WRI1019298,Hemweg power station,NLD,Netherlands,coal,Coal,685.0,1995.0,52.4049,4.8465
WRI1019313,Ijmond,NLD,Netherlands,gas,Gas,114.0,1997.0,52.4758,4.6048
WRI1019295,Maasvlakte (MV1 and MV2),NLD,Netherlands,coal,Coal,1040.0,1988.0,51.9626,4.0217
WRI1019296,Maasvlakte 3,NLD,Netherlands,coal,Coal,1100.0,2016.0,51.9587,4.0272
WRI1019311,Magnum,NLD,Netherlands,gas,Gas,1311.0,2013.0,53.4502,6.8548
WRI1019290,Maxima,NLD,Netherlands,gas,Gas,880.0,2010.0,52.5772,5.53
WRI1005515,Rijnmond II,NLD,Netherlands,gas,Gas,427.0,,51.8902,4.3552
WRI1019287,Sloe,NLD,Netherlands,gas,Gas,870.0,2010.0,51.4482,3.6928
WRI1023817,Bełchatów,POL,Poland,coal,Coal,5472.0,,51.2679,19.3265
WRI1019069,Blachownia,POL,Poland,gas,Gas,158.0,,50.3562,18.2907
WRI1019052,CEZ Skawina,POL,Poland,coal,Coal,330.0,,49.9767,19.8047
WRI1019037,Dolna Odra,POL,Poland,coal,Coal,1362.0,,53.2067,14.4651
WRI1061511,EC Andrychów,POL,Poland,coal,Coal,12.0,1950.0,49.8524,19.3369
WRI1019086,EC Azoty Tarnów,POL,Poland,coal,Coal,97.0,,50.0277,20.9082
WRI1019071,EC Białystok,POL,Poland,coal,Coal,198.0,1991.0,53.1486,23.1689
WRI1061514,EC Bielsko-Biała 1,POL,Poland,gas,Gas,77.0,1973.0,49.8123,19.0538
WRI1061515,EC Bielsko-Północ 2,POL,Poland,oil,Oil,55.0,1997.0,49.8733,19.0309
WRI1061493,EC Bydgoszcz I,POL,Poland,coal,Coal,14.0,1929.0,53.1355,17.9836
WRI1019068,EC Bydgoszcz II,POL,Poland,coal,Coal,227.0,,53.0995,18.0879
WRI1061513,EC Będzin,POL,Poland,coal,Coal,82.0,,50.3019,19.1384
WRI1019059,EC Chorzów Elcho,POL,Poland,coal,Coal,226.0,,50.3079,18.9695
WRI1019090,EC Czechnica,POL,Poland,coal,Coal,110.0,1981.0,51.0381,17.1498
WRI1061516,EC Dębieńsko-Megawat,POL,Poland,gas,Gas,16.0,,50.1576,18.6505
WRI1061509,EC Elbląg,POL,Poland,coal,Coal,42.0,1928.0,54.1805,19.3855
WRI1061519,EC Fortum,POL,Poland,coal,Coal,68.0,2010.0,50.8273,19.1247
WRI1061502,EC GIGA,POL,Poland,coal,Coal,6.0,1950.0,51.2258,22.7079
WRI1019060,EC Gdańsk,POL,Poland,coal,Coal,217.0,1970.0,54.3784,18.6404
WRI1061518,EC Gorlice,POL,Poland,coal,Coal,5.0,,49.6769,21.1821
WRI1019074,EC Gorzów,POL,Poland,gas,Gas,243.0,,52.7504,15.2712
WRI1061507,EC Grudziądz,POL,Poland,coal,Coal,18.0,,53.4792,18.7719
WRI1019082,EC International Paper Kwidzyn,POL,Poland,coal,Coal,112.0,,53.7002,18.921
WRI1061505,EC Janikosoda,POL,Poland,coal,Coal,56.0,,52.7664,18.1098
WRI1061510,EC Kalisz-Piwonice,POL,Poland,coal,Coal,8.0,1932.0,51.7297,18.1062
WRI1019075,EC Katowice,POL,Poland,coal,Coal,135.0,,50.2855,19.0532
WRI1061520,EC Knurów,POL,Poland,coal,Coal,8.0,,50.2153,18.6785
WRI1019051,EC Kraków 1,POL,Poland,coal,Coal,446.0,1986.0,50.0535,20.0061
WRI1019058,EC Lublin Wrotków,POL,Poland,gas,Gas,231.0,2002.0,51.2161,22.5583
WRI1061521,EC Marcel,POL,Poland,coal,Coal,37.0,1908.0,50.0433,18.4842
WRI1061522,EC Miechowice,POL,Poland,coal,Coal,125.0,1954.0,50.3488,18.8419
WRI1061503,EC Mielec,POL,Poland,coal,Coal,33.0,1962.0,50.3046,21.4644
WRI1019089,EC Mondi Świecie,POL,Poland,coal,Coal,123.0,,53.3938,18.3751
WRI1061524,EC Moszczenica,POL,Poland,coal,Coal,38.0,1966.0,49.9415,18.5702
WRI1019079,EC Nowa,POL,Poland,coal,Coal,150.0,2001.0,50.3478,19.2771
WRI1019077,EC Nowa Sarzyna,POL,Poland,gas,Gas,116.0,2000.0,50.3172,22.3237
WRI1061530,EC Opolszczyzna - ECO,POL,Poland,coal,Coal,10.0,,50.6872,17.9201
WRI1061512,EC Oświęcim,POL,Poland,coal,Coal,79.0,,50.0395,19.2735
WRI1019054,EC PKN Orlen,POL,Poland,oil,Oil,600.0,2018.0,52.5843,19.6879
WRI1061527,EC Pniówek,POL,Poland,gas,Gas,14.0,,49.9672,18.6943
WRI1061500,EC Pruszków,POL,Poland,coal,Coal,9.0,1957.0,52.1707,20.8006
WRI1019087,EC Rzeszów,POL,Poland,gas,Gas,129.0,,50.0646,22.0294
WRI1061499,EC Siedlce,POL,Poland,gas,Gas,51.0,2002.0,52.1572,22.3061
WRI1019046,EC Siekierki,POL,Poland,coal,Coal,620.0,1961.0,52.1901,21.0873
WRI1061506,EC Soda Mątwy,POL,Poland,coal,Coal,36.0,,52.7671,18.2409
WRI1061504,EC Starachowice,POL,Poland,coal,Coal,36.0,,51.0299,21.0799
WRI1061526,EC Suszec,POL,Poland,gas,Gas,11.0,,50.0468,18.7609
WRI1061523,EC Szombierki,POL,Poland,coal,Coal,9.0,1920.0,50.3454,18.8864
WRI1061497,EC Toruń,POL,Poland,gas,Gas,106.0,,53.0475,18.6932
WRI1019092,EC Tychy,POL,Poland,coal,Coal,105.0,,50.1059,19.0164
WRI1061494,EC WSK Rzeszów,POL,Poland,coal,Coal,12.0,,50.0146,21.9813
WRI1019055,EC Wrocław,POL,Poland,coal,Coal,263.0,,51.1234,17.0241
WRI1061508,EC Władysławowo,POL,Poland,gas,Gas,11.0,2002.0,54.7921,18.4228
WRI1019049,EC Włocławek,POL,Poland,gas,Gas,453.0,2017.0,52.7074,18.9589
WRI1061528,EC Zabrze,POL,Poland,coal,Coal,106.0,,50.2956,18.8099
WRI1019088,EC Zakłady Chemiczne Police,POL,Poland,coal,Coal,100.0,,53.5743,14.5334
WRI1061501,EC Zduńska Wola,POL,Poland,coal,Coal,12.0,1992.0,51.5999,18.9675
WRI1061496,EC Zgierz,POL,Poland,coal,Coal,39.0,1948.0,51.8413,19.3939
WRI1019067,EC Zielona Góra,POL,Poland,gas,Gas,188.0,1974.0,51.9514,15.4879
WRI1061525,EC Zofiówka,POL,Poland,coal,Coal,64.0,1973.0,49.9642,18.6266
WRI1019061,EC Łódź-3,POL,Poland,coal,Coal,205.0,,51.7985,19.4216
WRI1019064,EC Łódź-4,POL,Poland,coal,Coal,198.0,,51.7462,19.5403
WRI1019053,EC Żerań,POL,Poland,coal,Coal,386.0,,52.2945,20.9942
WRI1019085,Gdynia,POL,Poland,coal,Coal,105.0,1974.0,54.5535,18.4803
WRI1019066,Jaworzno II,POL,Poland,coal,Coal,189.0,,50.2132,19.2273
WRI1019038,Jaworzno III,POL,Poland,coal,Coal,1345.0,,50.2064,19.2046
WRI1019078,Konin,POL,Poland,coal,Coal,233.0,,52.2837,18.2695
WRI1075563,Kozienice,POL,Poland,coal,Coal,1075.0,2017.0,51.5829,21.5478
WRI1019032,Kozienice,POL,Poland,coal,Coal,2673.0,,51.6658,21.4647
WRI1019040,Kozienice II,POL,Poland,coal,Coal,1075.0,2017.0,51.6668,21.4614
WRI1019035,Opole,POL,Poland,coal,Coal,1492.0,,50.7514,17.8845
WRI1061531,Ostrołęka A,POL,Poland,coal,Coal,75.0,,53.1019,21.6053
WRI1019045,Ostrołęka B,POL,Poland,coal,Coal,681.0,1972.0,53.1039,21.6118
WRI1019076,Pomorzany,POL,Poland,coal,Coal,134.0,1961.0,53.3907,14.5253
WRI1019084,Poznań Karolin EC-II,POL,Poland,coal,Coal,276.0,1985.0,52.4361,16.9873
WRI1019034,Połaniec,POL,Poland,coal,Coal,1623.0,,50.4365,21.3377
WRI1019081,Puławy,POL,Poland,coal,Coal,112.0,,51.4574,21.9744
WRI1019039,Pątnów I,POL,Poland,coal,Coal,1244.0,1967.0,52.3013,18.2344
WRI1019050,Pątnów II,POL,Poland,coal,Coal,464.0,2008.0,52.3014,18.2369
WRI1019033,Rybnik,POL,Poland,coal,Coal,1775.0,,50.1331,18.5232
WRI1019044,Siersza,POL,Poland,coal,Coal,546.0,,50.2083,19.4617
WRI1019056,Stalowa Wola,POL,Poland,coal,Coal,350.0,,50.5538,22.0787
WRI1061492,Szczecin,POL,Poland,coal,Coal,88.0,,53.4116,14.5858
WRI1019036,Turów,POL,Poland,coal,Coal,1498.0,,50.9482,14.9128
WRI1061517,ZPC Żory,POL,Poland,coal,Coal,5.0,,50.0411,18.6298
WRI1019042,Łagisza,POL,Poland,coal,Coal,700.0,,50.3499,19.1412
WRI1019041,Łaziska,POL,Poland,coal,Coal,1155.0,,50.1331,18.8465
WRI1023231,Lares,PRT,Portugal,gas,Gas,826.0,2009.0,40.1245,-8.775
WRI1023230,Pego C.C.,PRT,Portugal,gas,Gas,837.0,,39.4689,-8.1113
WRI1023234,Pego power station,PRT,Portugal,coal,Coal,682.0,1994.0,39.468,-8.1097
WRI1023228,Ribatejo,PRT,Portugal,gas,Gas,1176.0,2005.0,39.0118,-8.9521
WRI1023227,Sines power station,PRT,Portugal,coal,Coal,1296.0,1986.0,37.9322,-8.8038
WRI1023229,Tapada do Outeiro,PRT,Portugal,gas,Gas,990.0,,41.07,-8.4587
WRI1075556,Iasi-2 power station,ROU,Romania,coal,Coal,60.0,1986.0,47.1473,27.7172
WRI1019099,Isalnita power station,ROU,Romania,coal,Coal,630.0,1988.0,44.3886,23.718
WRI1019096,Mintia-Deva power station,ROU,Romania,coal,Coal,1075.0,1976.0,45.9134,22.8254
WRI1019123,Paroseni power station,ROU,Romania,coal,Coal,150.0,1964.0,45.3647,23.261
WRI1019094,Rovinari power station,ROU,Romania,coal,Coal,1320.0,1977.0,44.9068,23.1383
WRI1019101,TPP  Braila,ROU,Romania,gas,Gas,413.0,,45.166,27.9235
WRI1019111,TPP Brazi,ROU,Romania,gas,Gas,220.0,2007.0,44.8802,25.9988
WRI1019107,TPP Bucuresti Sud,ROU,Romania,gas,Gas,280.0,,44.4233,25.979
WRI1019106,TPP Bucuresti Vest,ROU,Romania,gas,Gas,298.0,,44.4233,25.979
WRI1019097,TPP CCCC Petrom Brazi,ROU,Romania,gas,Gas,860.0,2012.0,44.8802,25.9988
WRI1019108,TPP Craiova,ROU,Romania,coal,Coal,262.0,1988.0,44.345,23.8156
WRI1019105,TPP Drobeta,ROU,Romania,coal,Coal,313.0,,44.6751,22.6878
WRI1019102,TPP Galati,ROU,Romania,gas,Gas,346.0,,45.436,27.9814
WRI1019118,TPP Govora,ROU,Romania,coal,Coal,177.0,,45.04,24.29
WRI1019098,TPP Iernut,ROU,Romania,gas,Gas,751.0,,46.4677,24.1833
WRI1019119,TPP Oradea,ROU,Romania,coal,Coal,170.0,,47.0842,21.8928
WRI1019116,TPP Progresu,ROU,Romania,gas,Gas,184.0,,44.372,26.1073
WRI1023225,Turceni power station,ROU,Romania,coal,Coal,1650.0,1983.0,44.6694,23.408
GEODB0042639,Levice CCGT CHP Power Plant Slovakia,SVK,Slovakia,gas,Gas,80.0,,48.2022,18.597
GEODB0042638,Malzenice CCGT Power Plant Slovakia,SVK,Slovakia,gas,Gas,430.0,,48.4296,17.6978
GEODB0042634,Novaky (ENO) Thermal CHP Power Plant Slovakia,SVK,Slovakia,coal,Coal,518.0,,48.6988,18.5335
GEODB0042640,PPC Bratislava CCGT CHP Power Plant Slovakia,SVK,Slovakia,gas,Gas,218.0,,48.1775,17.1548
GEODB0042632,Vojany (EVO) Thermal Power Plant Slovakia,SVK,Slovakia,coal,Coal,880.0,,48.5536,21.9782
WRI1022411,Brestanica (TEB),SVN,Slovenia,gas,Gas,297.0,,45.9975,15.4796
WRI1022415,Energetika Ljubljana,SVN,Slovenia,coal,Coal,112.0,,46.058,14.5451
WRI1022413,Sostanj (TEŠ),SVN,Slovenia,coal,Coal,1099.0,,46.3723,15.0534
WRI1022410,TET,SVN,Slovenia,coal,Coal,110.0,,46.1258,15.0611
WRI1006157,ABONO 2,ESP,Spain,coal,Coal,877.6600000000001,1985.0,43.5528,-5.7231
WRI1006159,ACECA  GRUPO 4,ESP,Spain,gas,Gas,758.74,2006.0,39.9427,-3.8548
WRI1006172,ALCUDIA 1  GRUPO N 1,ESP,Spain,coal,Coal,533.8,1981.0,39.8106,3.0913
WRI1006189,AMOREBIETA,ESP,Spain,gas,Gas,786.42,2005.0,43.2347,-2.7497
WRI1006197,ANLLARES GR 1,ESP,Spain,coal,Coal,346.84,1982.0,42.8385,-6.5332
WRI1006203,ARCOS DE LA FRONTERA GRUPO 1,ESP,Spain,gas,Gas,1585.39,2005.0,36.6721,-5.8164
WRI1006207,ARONA 1  GAS 1,ESP,Spain,oil,Oil,43.2,2003.0,28.0996,-16.681
WRI1006210,ARRUBAL GRUPO 1,ESP,Spain,gas,Gas,784.7,2005.0,42.4194,-2.2511
WRI1006221,AZULIBER,ESP,Spain,gas,Gas,17.763,,40.0667,-0.2
WRI1006223,BAHIA DE ALGECIRAS I,ESP,Spain,gas,Gas,731.0,1970.0,36.1829,-5.3905
WRI1006230,BARRANCO DE TIRAJANA 7  VAPOR 3 (CC1),ESP,Spain,oil,Oil,646.26,2008.0,27.8045,-15.4387
WRI1006249,BESOS  GRUPO 5,ESP,Spain,gas,Gas,1670.81,2010.0,41.4196,2.2294
WRI1006265,BOINERSA,ESP,Spain,oil,Oil,24.6,2011.0,42.65,-8.9
WRI1006292,CAMPO DE GIBRALTAR GRUPO 20,ESP,Spain,gas,Gas,780.6600000000001,2004.0,36.1834,-5.3933
WRI1006302,CANDELARIA 9  VAPOR 5,ESP,Spain,oil,Oil,153.94,1979.0,28.3548,-16.3727
WRI1006308,CARTAGENA GRUPO 1,ESP,Spain,gas,Gas,1248.82,2006.0,37.5732,-0.9392
WRI1006309,CAS TRESORER TG3  CC2,ESP,Spain,gas,Gas,429.0,2009.0,39.5672,2.6895
WRI1006317,CASTEJON  GRUPO 2,ESP,Spain,gas,Gas,797.41,2007.0,42.1718,-1.6773
WRI1006318,CASTELLON,ESP,Spain,gas,Gas,782.0,2002.0,39.9592,-0.001
WRI1006322,CCC BAHIA DE ALGECIRAS,ESP,Spain,gas,Gas,820.536,2009.0,36.1829,-5.3905
WRI1006323,CCC SAGUNTO  GRUPO 2,ESP,Spain,gas,Gas,1232.19,2007.0,39.6426,-0.2344
WRI1006343,CEUTA  GRUPO 13,ESP,Spain,oil,Oil,48.7,2011.0,35.89,-5.35
WRI1006342,CEUTA 9  G-9,ESP,Spain,oil,Oil,11.5,2001.0,35.89,-5.35
WRI1006345,CG NUFRI-1,ESP,Spain,oil,Oil,13.56,2011.0,41.6333,0.9
WRI1006355,CICLO COMBINADO DE CASTELNOU,ESP,Spain,gas,Gas,790.68,2006.0,41.2167,-0.2928
WRI1006377,COGENERACION MOTRIL,ESP,Spain,gas,Gas,48.8,2001.0,36.7334,-3.5413
WRI1006378,COGENERACION NAVIA,ESP,Spain,gas,Gas,24.0,,43.5354,-6.7193
WRI1006381,COGENERACION REPSOL,ESP,Spain,oil,Oil,40.83,1994.0,38.6871,-4.1073
WRI1006390,COLORTEX,ESP,Spain,gas,Gas,12.68,,38.8167,-0.6167
WRI1006393,COMPOSTILLA II GR 5,ESP,Spain,coal,Coal,1005.14,1984.0,42.6125,-6.5647
WRI1006403,COTASA,ESP,Spain,gas,Gas,14.071,,40.0667,-0.2
WRI1006404,CRISTOBAL COLON,ESP,Spain,gas,Gas,390.94,2006.0,37.2156,-6.943
WRI1006406,CT ESCOMBRERAS 5,ESP,Spain,oil,Oil,537.28,1968.0,37.5645,-0.9513
WRI1006407,CT GUARDO 2,ESP,Spain,coal,Coal,485.85,1984.0,42.8261,-4.8463
WRI1006408,CT LADA 4,ESP,Spain,coal,Coal,347.7,1981.0,43.3082,-5.7001
WRI1006409,CT SANTURCE 2,ESP,Spain,oil,Oil,897.02,1972.0,43.34,-3.0539
WRI1006410,CTCC AS PONTES  GRUPO 5,ESP,Spain,gas,Gas,855.67,2008.0,43.4451,-7.8621
WRI1006412,CTCC CASTEJON  GRUPO 1,ESP,Spain,gas,Gas,424.91,2002.0,42.1718,-1.6773
WRI1006413,CTCC CASTELLON  GRUPO 4,ESP,Spain,gas,Gas,839.35,2008.0,39.9592,-0.001
WRI1006414,CTCC ESCATRON,ESP,Spain,gas,Gas,274.635,2007.0,41.2977,-0.3376
WRI1006415,CTCC ESCOMBRERAS,ESP,Spain,gas,Gas,815.64,2006.0,37.5732,-0.9392
WRI1006416,CTCC PLANA DEL VENT 2,ESP,Spain,gas,Gas,819.03,2007.0,40.9596,0.8692
WRI1006417,CTCC SABON  GRUPO 3,ESP,Spain,gas,Gas,391.31,2008.0,43.329,-8.503
WRI1006418,CTCC SOTO DE RIBERA  GRUPO 5,ESP,Spain,gas,Gas,854.1700000000001,2011.0,43.3161,-5.8777
WRI1006426,ECOCARBURANTES,ESP,Spain,gas,Gas,21.666,2012.0,37.6051,-0.9862
WRI1006454,ENCE - PONTEVEDRA $$,ESP,Spain,gas,Gas,26.62,2008.0,42.4167,-8.6667
WRI1006455,ENCE ENERGIA HUELVA  S.L.U. $$,ESP,Spain,gas,Gas,50.0,2012.0,37.2583,-6.9508
WRI1006456,ENEMANSA,ESP,Spain,oil,Oil,16.0,,39.2379,-3.4233
WRI1006460,ENERGYWORKS CARBALLO  S.L.,ESP,Spain,oil,Oil,13.18,2012.0,43.213,-8.691
WRI1006465,ESCATRON,ESP,Spain,gas,Gas,804.36,2008.0,41.2977,-0.3376
WRI1006466,ESCATRON GR 5,ESP,Spain,coal,Coal,65.0,1990.0,41.2961,-0.3376
WRI1006467,ESCOMBRERAS GRUPO 1,ESP,Spain,gas,Gas,1199.25,2006.0,7.5732,-0.9392
WRI1006477,FERTIMOLINA,ESP,Spain,gas,Gas,10.0,2000.0,40.8436,-1.8876
WRI1006480,FINSA-SANTIAGO,ESP,Spain,gas,Gas,23.96,2002.0,42.8805,-8.5457
WRI1006483,FORESTAL DEL ATLANTICO,ESP,Spain,oil,Oil,24.8,2012.0,43.4604,-8.2551
WRI1006494,GARONA VERDA,ESP,Spain,gas,Gas,14.95,1999.0,0.7046,42.8025
WRI1006500,GENSABON,ESP,Spain,gas,Gas,12.0,1999.0,43.3048,-8.5075
WRI1006506,GRANADILLA 1  GAS 1,ESP,Spain,oil,Oil,693.34,1990.0,28.0863,-16.4939
WRI1006523,GUASCOR,ESP,Spain,gas,Gas,13.5,,42.2793,-1.7463
WRI1006524,GUIA DE ISORA GAS 1,ESP,Spain,oil,Oil,43.1,2006.0,28.2115,-16.7795
WRI1006564,JINAMAR 10  GAS 2,ESP,Spain,oil,Oil,234.46000000000004,1989.0,28.0424,-15.4114
WRI1006593,LA ROBLA GRUPO 2,ESP,Spain,coal,Coal,619.06,1984.0,42.7924,-5.634
WRI1006611,LAS SALINAS 12  DIESEL 9,ESP,Spain,oil,Oil,72.11,2005.0,28.5004,-13.8627
WRI1006615,LAS SALINAS 8  GAS 2,ESP,Spain,oil,Oil,51.25,2000.0,28.5004,-13.8627
WRI1006617,LAS SALINAS 9 (GAS MOVIL 1),ESP,Spain,oil,Oil,11.74,1988.0,28.5004,-13.8627
WRI1006625,LITORAL DE ALMERIA GR 2,ESP,Spain,coal,Coal,1119.59,1997.0,36.9783,-1.9054
WRI1006636,LOS BARRIOS,ESP,Spain,coal,Coal,570.05,1985.0,36.1828,-5.42
WRI1006642,LOS GUINCHOS 15   GAS MOVIL 2,ESP,Spain,oil,Oil,67.3,2006.0,28.6538,-17.7867
WRI1006655,MAHON 10  BURMEISTER N 2,ESP,Spain,oil,Oil,195.19999999999996,1991.0,39.8964,4.2597
WRI1006662,MAHON TG4,ESP,Spain,gas,Gas,50.0,2008.0,39.8964,4.2597
WRI1006664,MALA1 (CTCC MALAGA),ESP,Spain,gas,Gas,415.509,2009.0,36.7495,-4.5631
WRI1006671,MEIRAMA GRUPO 1,ESP,Spain,coal,Coal,557.2,1980.0,43.1685,-8.4111
WRI1006672,MELILLA 13,ESP,Spain,oil,Oil,46.900000000000006,2008.0,35.29,-2.94
WRI1006677,MICHELIN ARANDA,ESP,Spain,gas,Gas,31.866,2003.0,41.6704,-3.6892
WRI1006678,MICHELIN VALLADOLID $$,ESP,Spain,gas,Gas,46.0,,41.6552,-4.7237
WRI1006702,NARCEA GRUPO 3,ESP,Spain,coal,Coal,553.6400000000001,1984.0,43.2924,-6.3937
WRI1006705,NEUMATICOS MICHELIN-VITORIA,ESP,Spain,gas,Gas,47.0,,42.85,-2.6667
WRI1006706,NUFRI,ESP,Spain,gas,Gas,10.0,2005.0,41.6333,0.9
WRI1007283,PALOS DE LA FRONTERA GRUPO 1,ESP,Spain,gas,Gas,1167.0,2004.0,37.1843,-6.8857
WRI1007287,PAPELERA GUIPUZCOANA,ESP,Spain,gas,Gas,79.918,,43.2596,-1.9688
WRI1007290,PAPELERA ROMANI,ESP,Spain,oil,Oil,18.801,1999.0,43.3,-7.5833
WRI1007779,PLANTA SECADO TERMICO DE LODOS E.R.A.R. DE BUTARQUE,ESP,Spain,gas,Gas,18.0,,37.5624,-5.1254
WRI1007820,PUENTE NUEVO GR 3,ESP,Spain,coal,Coal,299.76,1980.0,38.1108,-4.9354
WRI1007821,PUERTO DE BARCELONA  GRUPO 2,ESP,Spain,gas,Gas,866.3,2010.0,41.3366,2.1594
WRI1007826,PUNTA GRANDE 19 DIESEL 11,ESP,Spain,oil,Oil,184.94999999999996,2013.0,28.963,-13.5477
WRI1007845,REPSOL PUERTOLLANO,ESP,Spain,gas,Gas,80.5,1994.0,38.6478,-4.1214
WRI1007864,SALINAS BRAS DEL PORT  S.A.,ESP,Spain,gas,Gas,10.0,,42.5741,0.1824
WRI1007879,SAN ROQUE GRUPO 2,ESP,Spain,gas,Gas,791.6800000000001,2002.0,36.1955,-5.4131
WRI1007889,SANTURCE  GRUPO 4,ESP,Spain,gas,Gas,396.4,2005.0,43.34,-3.0539
WRI1007923,SNIACE,ESP,Spain,gas,Gas,93.0,,42.5273,-8.0086
WRI1007932,SON REUS 3  TURBINA DE GAS N 3,ESP,Spain,oil,Oil,563.75,2000.0,39.65,2.6807
WRI1007944,SOTO RIBERA 3,ESP,Spain,coal,Coal,346.25,1984.0,43.3122,-5.8739
WRI1007956,TARRAGONA,ESP,Spain,gas,Gas,802.84,2004.0,41.1081,1.1912
WRI1023654,TERUEL GR 3,ESP,Spain,coal,Coal,1055.77,1980.0,40.9966,-0.3798
WRI1007968,TIOXIDE EUROPE S.L.,ESP,Spain,gas,Gas,10.0,2009.0,37.2583,-6.9508
WRI1007973,TORRASPAPEL-MONTANANESA,ESP,Spain,gas,Gas,22.0,,41.6561,-0.8773
WRI1007975,TORTOSA ENERGIA,ESP,Spain,gas,Gas,39.58,2011.0,40.8125,0.5216
WRI1007994,TRUCHAS DEL CINCA,ESP,Spain,gas,Gas,23.92,1999.0,42.1519,0.2225
WRI1008027,VETEJAR,ESP,Spain,oil,Oil,12.9,2010.0,42.702,0.7956
WRI1029978,Nya Öresundsverket,SWE,Sweden,gas,Gas,440.0,,55.6261,13.0404
WRI1029979,Rya,SWE,Sweden,gas,Gas,261.0,,57.6924,11.8905
WRI1029980,Stenungsund,SWE,Sweden,oil,Oil,840.0,,58.0863,11.8435
WRI1075797,Vaesteras power station,SWE,Sweden,coal,Coal,80.0,1963.0,59.5885,16.5135
WRI1019441,Värme,SWE,Sweden,gas,Gas,639.0,1980.0,59.3532,18.0985
